model	recommendationid	label	prediction	probability
logistic_regression	200166593	0.0	0.0	0.47444200290690397
logistic_regression	200481377	1.0	1.0	0.5456380967183854
logistic_regression	200493113	1.0	0.0	0.4830014925860119
logistic_regression	200653871	1.0	0.0	0.47726377744451054
logistic_regression	200932499	1.0	0.0	0.495422433639622
logistic_regression	201251460	1.0	0.0	0.4881931958306672
logistic_regression	201292825	0.0	0.0	0.43115901338191753
logistic_regression	201506595	1.0	0.0	0.44806939246002075
logistic_regression	201614760	1.0	1.0	0.5119149955085693
logistic_regression	201892617	0.0	0.0	0.4779178397351398
logistic_regression	202073420	0.0	1.0	0.5342676824369563
logistic_regression	202180228	0.0	1.0	0.5207803155867459
logistic_regression	202492832	1.0	0.0	0.3774359113698431
logistic_regression	202639654	0.0	0.0	0.4348780539064474
logistic_regression	203046405	0.0	0.0	0.4392540205821496
logistic_regression	203218284	0.0	1.0	0.5104096512277005
logistic_regression	203736339	1.0	1.0	0.5666116428606077
logistic_regression	203814675	1.0	1.0	0.5090115826640995
logistic_regression	203901986	0.0	0.0	0.46431757067228396
logistic_regression	204271974	0.0	0.0	0.3879866594315303
logistic_regression	204621723	0.0	0.0	0.4842474734108003
logistic_regression	204894815	1.0	1.0	0.5078728107730366
logistic_regression	205103995	0.0	0.0	0.4997336903396882
logistic_regression	205213390	1.0	1.0	0.5143375032713927
logistic_regression	205567197	1.0	0.0	0.43728890579882307
logistic_regression	205595071	1.0	1.0	0.5036739478198513
logistic_regression	205617718	1.0	0.0	0.45800940679948676
logistic_regression	205711294	1.0	1.0	0.5181053579854489
logistic_regression	205729215	1.0	0.0	0.4633052710678447
logistic_regression	205839754	1.0	0.0	0.49132496037849094
