1049590	500	362	138	0.724000000000
1085660	500	406	94	0.812000000000
108600	500	462	38	0.924000000000
1086940	500	481	19	0.962000000000
1091500	500	481	19	0.962000000000
1142710	500	406	94	0.812000000000
1144200	500	427	73	0.854000000000
1151340	500	348	152	0.696000000000
1172470	500	335	165	0.670000000000
1285190	500	182	318	0.364000000000
1286830	500	438	62	0.876000000000
1295660	500	205	295	0.410000000000
1361210	500	416	84	0.832000000000
1643320	500	392	108	0.784000000000
1973530	500	455	45	0.910000000000
2054970	500	404	96	0.808000000000
2246340	500	408	92	0.816000000000
2357570	500	258	242	0.516000000000
236390	500	381	119	0.762000000000
2399420	500	370	130	0.740000000000
2399830	500	322	178	0.644000000000
2456740	500	413	87	0.826000000000
2483190	500	329	171	0.658000000000
2537590	500	391	109	0.782000000000
2767030	500	314	186	0.628000000000
2807960	500	270	230	0.540000000000
284160	500	472	28	0.944000000000
289070	500	441	59	0.882000000000
3028330	500	164	336	0.328000000000
304390	500	167	333	0.334000000000
3405690	500	287	213	0.574000000000
3595270	500	345	155	0.690000000000
376210	500	384	116	0.768000000000
381210	500	340	160	0.680000000000
394360	500	428	72	0.856000000000
4000	500	488	12	0.976000000000
4032350	500	202	298	0.404000000000
413150	500	496	4	0.992000000000
431960	500	482	18	0.964000000000
4356430	500	276	224	0.552000000000
438100	500	345	155	0.690000000000
440900	500	378	122	0.756000000000
489830	500	414	86	0.828000000000
534380	500	330	170	0.660000000000
570	500	364	136	0.728000000000
578080	500	370	130	0.740000000000
594650	500	367	133	0.734000000000
648800	500	445	55	0.890000000000
730	500	330	170	0.660000000000
949230	500	350	150	0.700000000000
